Image,Actual Words,Our Algorithm,Our Algorithm Error,Our Algorithm Error²,EasyOCR,EasyOCR Error,EasyOCR Error²,PaddleOCR,PaddleOCR Error,PaddleOCR Error²,Tesseract,Tesseract Error,Tesseract Error²
1.jpeg,124,142,18,324,111,-13,169,14,-110,12100,79,-45,2025
2.jpeg,124,136,12,144,102,-22,484,19,-105,11025,94,-30,900
3.jpeg,124,134,10,100,100,-24,576,26,-98,9604,128,4,16
4.jpeg,124,130,6,36,80,-44,1936,28,-96,9216,127,3,9
5.jpeg,124,130,6,36,79,-45,2025,31,-93,8649,121,-3,9
6.jpeg,124,127,3,9,69,-55,3025,26,-98,9604,120,-4,16
7.jpeg,124,130,6,36,68,-56,3136,26,-98,9604,121,-3,9
8.jpeg,124,129,5,25,63,-61,3721,31,-93,8649,117,-7,49
9.jpeg,124,132,8,64,71,-53,2809,30,-94,8836,110,-14,196
10.jpeg,124,133,9,81,79,-45,2025,30,-94,8836,109,-15,225
11.jpeg,124,131,7,49,78,-46,2116,39,-85,7225,120,-4,16
12.jpeg,124,129,5,25,104,-20,400,20,-104,10816,8,-116,13456
13.jpeg,124,128,4,16,84,-40,1600,63,-61,3721,90,-34,1156
14.jpeg,124,126,2,4,66,-58,3364,16,-108,11664,91,-33,1089
15.jpeg,124,125,1,1,51,-73,5329,17,-107,11449,103,-21,441
16.jpeg,124,123,-1,1,52,-72,5184,17,-107,11449,87,-37,1369
17.jpeg,124,122,-2,4,50,-74,5476,26,-98,9604,90,-34,1156
18.jpeg,124,122,-2,4,50,-74,5476,26,-98,9604,90,-34,1156
19.jpeg,124,120,-4,16,50,-74,5476,14,-110,12100,89,-35,1225
20.jpeg,124,122,-2,4,56,-68,4624,38,-86,7396,95,-29,841
21.jpeg,124,125,1,1,64,-60,3600,24,-100,10000,96,-28,784
22.jpeg,124,135,11,121,111,-13,169,28,-96,9216,68,-56,3136
23.jpeg,124,132,8,64,105,-19,361,25,-99,9801,121,-3,9
24.jpeg,124,127,3,9,92,-32,1024,29,-95,9025,122,-2,4
25.jpeg,124,128,4,16,69,-55,3025,34,-90,8100,119,-5,25
26.jpeg,124,125,1,1,65,-59,3481,33,-91,8281,122,-2,4
27.jpeg,124,128,4,16,66,-58,3364,44,-80,6400,111,-13,169
28.jpeg,124,123,-1,1,78,-46,2116,47,-77,5929,109,-15,225
29.jpeg,124,135,11,121,81,-43,1849,51,-73,5329,96,-28,784
30.jpeg,124,129,5,25,85,-39,1521,47,-77,5929,99,-25,625
31.jpeg,124,131,7,49,87,-37,1369,41,-83,6889,96,-28,784
32.jpeg,125,122,-3,9,87,-38,1444,23,-102,10404,47,-78,6084
33.jpeg,125,138,13,169,90,-35,1225,16,-109,11881,103,-22,484
34.jpeg,125,135,10,100,56,-69,4761,19,-106,11236,115,-10,100
35.jpeg,125,130,5,25,56,-69,4761,18,-107,11449,123,-2,4
36.jpeg,125,138,13,169,48,-77,5929,20,-105,11025,122,-3,9
37.jpeg,125,137,12,144,54,-71,5041,23,-102,10404,116,-9,81
38.jpeg,125,132,7,49,63,-62,3844,24,-101,10201,119,-6,36
39.jpeg,125,132,7,49,70,-55,3025,20,-105,11025,104,-21,441
40.jpeg,125,140,15,225,76,-49,2401,43,-82,6724,117,-8,64
41.jpeg,125,141,16,256,81,-44,1936,21,-104,10816,121,-4,16
42.jpeg,122,129,7,49,104,-18,324,81,-41,1681,73,-49,2401
43.jpeg,122,99,-23,529,86,-36,1296,20,-102,10404,103,-19,361
44.jpeg,122,117,-5,25,69,-53,2809,85,-37,1369,90,-32,1024
45.jpeg,122,114,-8,64,61,-61,3721,101,-21,441,103,-19,361
46.jpeg,122,118,-4,16,65,-57,3249,81,-41,1681,97,-25,625
47.jpeg,122,114,-8,64,63,-59,3481,76,-46,2116,99,-23,529
48.jpeg,122,96,-26,676,64,-58,3364,86,-36,1296,96,-26,676
49.jpeg,122,109,-13,169,62,-60,3600,104,-18,324,89,-33,1089
50.jpeg,122,85,-37,1369,63,-59,3481,96,-26,676,108,-14,196
51.jpeg,122,117,-5,25,69,-53,2809,27,-95,9025,71,-51,2601
52.jpeg,126,149,23,529,110,-16,256,20,-106,11236,50,-76,5776
53.jpeg,126,140,14,196,92,-34,1156,21,-105,11025,100,-26,676
54.jpeg,126,133,7,49,74,-52,2704,20,-106,11236,116,-10,100
55.jpeg,126,135,9,81,77,-49,2401,26,-100,10000,117,-9,81
56.jpeg,126,130,4,16,63,-63,3969,21,-105,11025,109,-17,289
57.jpeg,126,135,9,81,61,-65,4225,27,-99,9801,119,-7,49
58.jpeg,126,131,5,25,67,-59,3481,33,-93,8649,98,-28,784
59.jpeg,126,135,9,81,66,-60,3600,22,-104,10816,108,-18,324
60.jpeg,126,135,9,81,81,-45,2025,28,-98,9604,71,-55,3025
61.jpeg,126,131,5,25,87,-39,1521,26,-100,10000,98,-28,784
62.jpeg,121,135,14,196,97,-24,576,26,-95,9025,47,-74,5476
63.jpeg,121,106,-15,225,83,-38,1444,24,-97,9409,88,-33,1089
64.jpeg,121,105,-16,256,63,-58,3364,19,-102,10404,91,-30,900
65.jpeg,121,107,-14,196,43,-78,6084,89,-32,1024,107,-14,196
66.jpeg,121,108,-13,169,46,-75,5625,23,-98,9604,98,-23,529
67.jpeg,121,101,-20,400,48,-73,5329,25,-96,9216,100,-21,441
68.jpeg,121,100,-21,441,47,-74,5476,26,-95,9025,93,-28,784
69.jpeg,121,105,-16,256,49,-72,5184,27,-94,8836,92,-29,841
70.jpeg,121,105,-16,256,56,-65,4225,32,-89,7921,82,-39,1521
71.jpeg,121,110,-11,121,86,-35,1225,18,-103,10609,82,-39,1521
72.jpeg,121,119,-2,4,95,-26,676,19,-102,10404,90,-31,961
73.jpeg,121,106,-15,225,86,-35,1225,25,-96,9216,95,-26,676
74.jpeg,121,112,-9,81,67,-54,2916,18,-103,10609,106,-15,225
75.jpeg,121,110,-11,121,54,-67,4489,22,-99,9801,108,-13,169
76.jpeg,121,113,-8,64,46,-75,5625,30,-91,8281,101,-20,400
77.jpeg,121,109,-12,144,54,-67,4489,34,-87,7569,102,-19,361
78.jpeg,121,112,-9,81,57,-64,4096,20,-101,10201,100,-21,441
79.jpeg,121,120,-1,1,55,-66,4356,35,-86,7396,110,-11,121
80.jpeg,121,123,2,4,62,-59,3481,33,-88,7744,113,-8,64
81.jpeg,121,128,7,49,62,-59,3481,26,-95,9025,97,-24,576
82.jpeg,121,126,5,25,94,-27,729,20,-101,10201,92,-29,841
83.jpeg,121,121,0,0,74,-47,2209,78,-43,1849,103,-18,324
84.jpeg,121,115,-6,36,53,-68,4624,97,-24,576,107,-14,196
85.jpeg,121,111,-10,100,51,-70,4900,27,-94,8836,96,-25,625
86.jpeg,121,111,-10,100,42,-79,6241,59,-62,3844,108,-13,169
87.jpeg,121,113,-8,64,47,-74,5476,28,-93,8649,106,-15,225
88.jpeg,121,110,-11,121,45,-76,5776,33,-88,7744,93,-28,784
89.jpeg,121,118,-3,9,42,-79,6241,35,-86,7396,102,-19,361
90.jpeg,121,117,-4,16,50,-71,5041,24,-97,9409,98,-23,529
91.jpeg,121,118,-3,9,54,-67,4489,57,-64,4096,84,-37,1369
92.jpeg,122,125,3,9,91,-31,961,19,-103,10609,69,-53,2809
93.jpeg,122,124,2,4,89,-33,1089,17,-105,11025,104,-18,324
94.jpeg,122,119,-3,9,68,-54,2916,19,-103,10609,102,-20,400
95.jpeg,122,117,-5,25,54,-68,4624,77,-45,2025,103,-19,361
96.jpeg,122,117,-5,25,62,-60,3600,29,-93,8649,106,-16,256
100.jpeg,122,123,1,1,77,-45,2025,33,-89,7921,94,-28,784
101.jpeg,122,124,2,4,71,-51,2601,69,-53,2809,85,-37,1369
102.jpeg,124,131,7,49,116,-8,64,11,-113,12769,82,-42,1764
103.jpeg,124,125,1,1,102,-22,484,16,-108,11664,90,-34,1156
104.jpeg,124,120,-4,16,62,-62,3844,46,-78,6084,95,-29,841
105.jpeg,124,118,-6,36,58,-66,4356,26,-98,9604,103,-21,441
106.jpeg,124,111,-13,169,63,-61,3721,42,-82,6724,93,-31,961
107.jpeg,124,115,-9,81,75,-49,2401,31,-93,8649,95,-29,841
108.jpeg,124,121,-3,9,74,-50,2500,44,-80,6400,64,-60,3600
109.jpeg,124,116,-8,64,74,-50,2500,41,-83,6889,86,-38,1444
110.jpeg,124,119,-5,25,84,-40,1600,25,-99,9801,83,-41,1681
111.jpeg,124,114,-10,100,82,-42,1764,71,-53,2809,77,-47,2209
,,,,,,,,,,,,,
Overall Accuracy,,93.39%,,,57.46%,,,28.67%,,,79.40%,,
MSE (Mean Squared Error),,103.19,,,3044.55,,,8209.06,,,971.61,,
MAE (Mean Absolute Error),,8.14,,,52.38,,,87.82,,,25.37,,
Median Absolute Error,,7,,,55.5,,,95.5,,,23.0,,
